CODIGO;DESCRIPCION
416E;Equipado con motor Cat® 3054C DIT con potencia de 96HP, 4X4 Peso de operación de 6,750kg, Cabina Cerrada con Aire Acondicionado, Capacidad cucharón del cargador 0.96m3, Transmisión Servo mecánica, Profundidad de excavación de 4.360mm, Brazo estándar. GPS HOMOLOGADO POR LA POLICÍA NACIONAL. Sistema de Monitoreo Product Link
2;Equipado con motor Cat® 3054C DIT con potencia de 96HP, 4X4 Peso de operación de 6,750kg, Cabina Cerrada con Aire Acondicionado, Capacidad cucharón del cargador 0.96m3, Transmisión Servo mecánica, Profundidad de excavación de 4,402 - 5,456mm, Brazo Extensible. GPS HOMOLOGADO POR LA POLICÍA NACIONAL. Sistema de Monitoreo Product Link
416E T4;Equipado con motor Cat® C3.6 con potencia de 75HP, Peso de operación 7.499 kg, Cabina Cerrada con Aire Acondicionado, Capacidad cucharón del cargador 1 m3, Transmisión servo mecánica, Profundidad de excavación de 4.348 mm, Brazo estándar. GPS HOMOLOGADO POR LA POLICÍA NACIONAL. Sistema de Monitoreo Product Link
416 T4;Equipado con motor Cat® C3.6 con potencia de 95HP, Peso de operación 7.499 kg, Cabina Cerrada con Aire Acondicionado, Capacidad cucharón del cargador 1 m3, Transmisión servo mecánica, Profundidad de excavación de 4.348 mm, Brazo estándar. GPS HOMOLOGADO POR LA POLICÍA NACIONAL. Sistema de Monitoreo Product Link
5;Equipado con motor Cat® C4.4 con potencia de 94HP, Peso de operación 7.214 kg, Cabina Cerrada con Aire Acondicionado, Capacidad cucharón del cargador 1 m3, Transmisión servo mecánica, Profundidad de excavación de 4.348 mm, Brazo estándar. GPS HOMOLOGADO POR LA POLICÍA NACIONAL. Sistema de Monitoreo Product Link
416F2;Equipado con motor Cat® 3054C con potencia de 93HP, Peso de operación 7.716kg, Cabina Cerrada con Aire Acondicionado, Capacidad cucharón del cargador 1 m3, Transmisión servo mecánica, Profundidad de excavación de 4.348 mm, Brazo estándar. GPS HOMOLOGADO POR LA POLICÍA NACIONAL. Sistema de Monitoreo Product Link
420F2;Equipada con motor Cat® 3054C con potencia de 101 HP, Peso de operación 8.096 kg, Cabina cerrada con aire acondicionado, Capacidad cucharón del cargador 1.07 m3, Transmisión servo mecánica de 4 velocidades adelante y 4 atrás, Tracción 4x4, Profundidad de excavación  4.36 m, Brazo estándar. Sistema de Monitoreo Product Link y sistema de GPS homologado por la Policía Nacional. 
420;Equipada con motor Cat® C4.4 con potencia de 101 HP, Peso de operación 8.096 kg, Cabina cerrada con aire acondicionado, Capacidad cucharón del cargador 1.07 m3, Transmisión servo mecánica de 4 velocidades adelante y 4 atrás, Tracción 4x4, Profundidad de excavación  4.36 m, Brazo estándar. Sistema de Monitoreo Product Link y sistema de GPS homologado por la Policía Nacional. 
9;Equipado con motor Cat® 3054C con potencia de 101HP, Peso de operación 7.726kg, Cabina Cerrada con Aire Acondicionado, Capacidad cucharón del cargador 1.07m3,Transmision servo mecánica, Profundidad de excavación de 4.360mm, Brazo extensible. GPS HOMOLOGADO POR LA POLICÍA NACIONAL. Sistema de Monitoreo Product Link
10;Equipado con motor Cat® C4.4 con potencia de 93HP, Peso de operación 8.425 kg, Cabina Cerrada con Aire Acondicionado, Capacidad cucharón del cargador 1 m3, Transmisión servo mecánica, Profundidad de excavación de 4.116mm, Brazo estándar. Lineas hidraulicas, GPS HOMOLOGADO POR LA POLICÍA NACIONAL. Sistema de Monitoreo Product Link
11;Equipado con motor Cat® C4,4  con potencia de 109HP, Peso de operación 8.163kg, Cabina Cerrada con Aire Acondicionado, Capacidad cucharón del cargador 1.15m3,Transmision servo mecánica, Profundidad de excavación de 4.698mm, Brazo estándar. GPS HOMOLOGADO POR LA POLICÍA NACIONAL. Sistema de Monitoreo Product Link
12;Equipado con motor Cat® 3054C  con potencia de 101HP, Peso de operación 8.330kg, Cabina Cerrada con Aire Acondicionado, Capacidad cucharón del cargador 1.15m3,Transmision servo mecánica, Profundidad de excavación de 4.696mm, Brazo estándar. GPS HOMOLOGADO POR LA POLICÍA NACIONAL. Sistema de Monitoreo Product Link
13;"Equipado con motor Cat® C4.4 con potencia de 95HP, Peso de operación 8.425kg, Cabina Cerrada con Aire Acondicionado, Capacidad cucharón del cargador 1.m3,Transmision servo mecánica, Profundidad de excavación de 4.360mm, Brazo estandar GPS HOMOLOGADO POR LA POLICÍA NACIONAL. Sistema de Monitoreo Product Link
"
232D3;Equipado con motor Cat® C2,2 con potencia de 60,2 hp, Peso de operación de 2.955 kg, Cabina abierta Rops con asiento ajustable, Capacidad del cucharón 0.40m3 Ancho 66in, Altura de descargue al pasador 3.001m, Capacidad de carga nominal 865 kg, GPS HOMOLOGADO POR LA POLICÍA NACIONAL. Sistema de Monitoreo Product Link.
232D;Equipado con motor Cat® C2,2 con potencia de 67,1HP, Peso de operación de 2.818kg, Cabina abierta Rops con asiento ajustable, Capacidad del cucharón 0.40m3 Ancho 66in, Altura de descargue al pasador 3.001m, Capacidad de carga nominal 839kg, GPS HOMOLOGADO POR LA POLICÍA NACIONAL. Sistema de Monitoreo Product Link.
236D;Equipado con motor Cat® C3.3B DIT con potencia de 74,3HP, peso de operación de 2.975kg, cabina abierta Rops con asiento ajustable, capacidad del cucharón 0.44m3 con 72in, altura de descargue al pasador 3.122m, 818kg,  Sistema de Monitoreo Product Link y sistema de GPS homologado por la Policía Nacional. 
236D3 T4;Minicargador nuevo, marca CATERPILLAR, modelo 236D3, equipado con motor Cat® C2.2T con potencia de 65,6HP, peso de operación de 2.979kg, cabina cerrada ROPS con aire acondicionado, con asiento ajustable, capacidad del cucharón 0.44m3 con 1883 mm, altura de descargue al pasador 3.122m, 825kg, Sistema de Monitoreo Product Link y sistema de GPS homologado por la Policía Nacional. Cámara de reversa y display avanzado integrados.
236D;Equipado con motor Cat® C3.3B DIT con potencia de 74,3HP, peso de operación de 2.979kg, cabina abierta Rops con asiento ajustable, capacidad del cucharón 0.44m3 con 72in, altura de descargue al pasador 3.122m, 820kg y 910 kg con contrapesas adicionales,  Sistema de Monitoreo Product Link y sistema de GPS homologado por la Policía Nacional. 
19;Equipado con motor Cat® C3.3B DIT con potencia de 74,3HP, Peso de operación de 3,166kg, Cabina abierta Rops con asiento ajustable, Capacidad del cucharón 0.44m3, Altura de descargue al pasador 3.1m, Capacidad de carga nominal 975kg, Sistema de Monitoreo Product Link y sistema de GPS homologado por la Policía Nacional. 
20;Equipado con motor Cat® C3.3B DIT con potencia de 74,3HP, Peso de operación de 3.238 kg, Cabina abierta Rops con asiento ajustable, Capacidad del cucharón 0.44m3, Altura de descargue al pasador 3.1m, Capacidad de carga nominal 1.000 kg, Sistema de Monitoreo Product Link y sistema de GPS homologado por la Policía Nacional. 
21;Equipado con motor Cat® C3.3B DIT con potencia de 74,3HP, Peso de operación de 3.392 kg, Cabina cerrado con aire acondicionado con asiento ajustable, Capacidad del cucharón 0.44m3, Altura de descargue al pasador 3.15 m, Capacidad de carga nominal 1000kg, Sistema de Monitoreo Product Link y sistema de GPS homologado por la Policía Nacional. 
22;Equipado con motor Cat® C3.3B DIT con potencia de 74,3HP, Peso de operación de 3,634kg, Cabina cerrado con aire acondicionado con asiento ajustable, Capacidad del cucharón 0.44m3, Altura de descargue al pasador 3.1m, Capacidad de carga nominal 975kg, Sistema de Monitoreo Product Link y sistema de GPS homologado por la Policía Nacional. 
23;Equipado con motor Cat® C3.3B DIT con potencia de 74,3HP, Peso de operación de 3,634kg, Cabina cerrado con aire acondicionado con asiento ajustable, Capacidad del cucharón 0.44m3, Altura de descargue al pasador 3.1m, Capacidad de carga nominal 1225kg, Sistema de Monitoreo Product Link y sistema de GPS homologado por la Policía Nacional. 
24;"Equipado con motor Cat® C2,2B DIT con potencia de 60,2HP, Peso de operación de 3,306kg, Cabina abierta Rops con asiento ajustable, Capacidad del cucharón 0.5m3, Altura de descargue al pasador 2,825m, Capacidad de carga nominal 930kg, GPS HOMOLOGADO POR LA POLICÍA NACIONAL. Sistema de Monitoreo Product Link
"
25;"Equipado con motor Cat® C2,2B DIT con potencia de 60,2HP, Peso de operación de 3,486kg, Cabina abierta Rops con asiento ajustable, Capacidad del cucharón 0.44m3, Altura de descargue al pasador 3,002m, Capacidad de carga nominal 1,044kg, GPS HOMOLOGADO POR LA POLICÍA NACIONAL. Sistema de Monitoreo Product Link
"
26;"Equipado con motor Cat® C3.3B DIT con potencia de 74,3HP, Peso de operación de 4,013kg, Cabina abierta Rops con asiento ajustable, Capacidad del cucharón 0.5m3, Altura de descargue al pasador 3.07m, Capacidad de carga nominal 1315kg, GPS HOMOLOGADO POR LA POLICÍA NACIONAL. Sistema de Monitoreo Product Link
"
27;"Equipado con motor Cat® C3.3B DIT con potencia de 74,3HP, Peso de operación de 4,487kg, Cabina Cerrada Aire acondicionado con asiento ajustable cabina en Policarbonato, Capacidad del cucharón 0.5m3, configuracion de alto flujo, Altura de descargue al pasador 3.173m, Capacidad de carga nominal 1331kg, configuracion de alto flujo XPS, GPS HOMOLOGADO POR LA POLICÍA NACIONAL. Sistema de Monitoreo Product Link
"
FORK;Accesorio compatible con minicargador 236D3, horquillas para cargue de material en estibas 
301.5;MINI-EXCAVADORA HIDRAULICA SOBRE ORUGAS MARCA CATERPILLAR, MODELO 301,5NG CON MOTOR DIESEL CAT MODELO C1.1 DE 19.2HP, PESO OPERATIVO DE 1.768KG, EQUIPADA CON MOTOR DIESEL DE 17,7HP NETOS, CASILLA ABIERTA ROPS, CONFIGURACION DE RODAJE EXTENSIBLE CON ORUGA DE CAUCHO CON 230MM DE ANCHO, ALCANCE FRONTAL DE 3.800MM, PROFUNDIDAD DE EXCAVACION MAXIMA DE 2430MM. CUCHARON DE PROPOSITO GENERAL CON ANCHO DE EXCAVACION DE 300MM DE ANCHO, HOJA EMPUJADORA FRONTAL CON FUNCION DE LEVANTAMIENTO HIDRAULICO, SISTEMA HIDRAULICO AUXILIAR PARA MARTILLO OTRO ACCESORIO, LUCES DE TRABAJO Y SU Y SU EQUIPO ESTANDAR PARA NORMAL OPERACION. INLCUYE CVA BASICO CON FILTROS Y ACEITES PARA LOS MANTENIMIENTOS PREVENTIVOS HASTA LAS PRIMERAS 1.000 HORAS DE OPERACION.
30;Equipada con motor Yanmar 3TNV76  con potencia de 17,7HP, Peso de operación de 1,470kg, Cabina abierta  Boom y Stick estándar, Hoja Topadora de estabilizadora , Zapatas De caucho,  cucharon de 0.029YD3 GPS HOMOLOGADO POR LA POLICÍA NACIONAL. Sistema de Monitoreo Product Link
31;Equipada con motor Yanmar 3TNV76  con potencia de 17,7HP, Peso de operación de 1,610kg, Cabina abierta  Boom y Stick estándar, Hoja Topadora de estabilizadora , Zapatas De caucho,  cucharon de 0.029YD3 GPS HOMOLOGADO POR LA POLICÍA NACIONAL. Sistema de Monitoreo Product Link
32;Equipada con motor Cat® C1.1 Turbo con potencia de 24.8 HP, Peso de operación de 3480 kg, Cabina abierta, Boom y Stick estándar, Hoja Topadora de estabilizadora , Zapatas metalicas, cucharon de 0,12m3 24in  GPS HOMOLOGADO POR LA POLICÍA NACIONAL. Sistema de Monitoreo Product Link
33;Equipada con motor Cat® C1,7 con potencia de 23,5HP, Peso de operación de 3,675kg, Cabina abierta, Boom y Stick estándar, Hoja Topadora de estabilizadora , Zapatas metalicas, cucharon de 0,15yd3/0,12m3 24in  GPS HOMOLOGADO POR LA POLICÍA NACIONAL. Sistema de Monitoreo Product Link
34;Equipada con motor C2.4 Cat Turbo con potencia de 46,8HP, peso de operación de 7.532 kg, cabina cerrada con aire acondicionado, boom y stick estándar,  zapatas metálicas,  cucharon de 850mm de 0,33m3, sistema de Monitoreo Product Link y sistema de GPS homologado por la Policía Nacional. 
35;Equipada con motor Cat® C2,6 con potencia de 57,6HP, peso de operación de 7.100kg, cabina cerrada con aire acondicionado, boom y stick estándar, hoja Topadora  estabilizadoras,  zapatas metálicas,  cucharon de 850mm de 0,33m3, sistema de Monitoreo Product Link y sistema de GPS homologado por la Policía Nacional. 
36;Equipada con motor Cat® C2,4 con potencia de 45,7HP, peso de operación de 5.290kg, cabina cerrada con aire acondicionado, boom y stick estándar, lineas hidraulicas, hoja Topadora  estabilizadora de 1,980mm, zapatas metálicas de 400mm, cucharon de 24in de 0,12m3, sistema de Monitoreo Product Link y sistema de GPS homologado por la Policía Nacional. 
37;Equipada con motor Cat® 3054C con potencia de 94HP, Peso de operación de 13.200kg, Cabina cerrada con aire acondicionado, Boom 4,65M, Stick 2,5M, Capacidad del cucharón0,84yd3/0.64m3. Zapatas de 30in, Sistema de Monitoreo Product Link y sistema de GPS homologado por la Policía Nacional. 
38;Equipada con motor Cat® 3054C con potencia de 79HP, Peso de operación de 12,500kg, Cabina cerrada con aire acondicionado, Boom Longitud de la pluma 4,65M, Longitud del brazo de 2.5m, Capacidad del cucharón 0.53m3, Zapatas de 500mm de ancho, GPS HOMOLOGADO POR LA POLICÍA NACIONAL. Sistema de Monitoreo Product Link
313GC T4;Equipada con motor Cat® C3.6 con potencia de 74HP, Peso de operación de 12,700kg, Cabina cerrada con aire acondicionado, Boom Longitud de la pluma 4,65M, Longitud del brazo de 2.5m, Capacidad del cucharón 0.53m3, GPS HOMOLOGADO POR LA POLICÍA NACIONAL. Sistema de Monitoreo Product Link.
313GC;Equipada con motor Cat® C3.6 con potencia de 100HP, Peso de operación de 12,500kg, Cabina cerrada con aire acondicionado, Boom Longitud de la pluma 4,65M, Longitud del brazo de 2.5m, Capacidad del cucharón 0.53m3, GPS HOMOLOGADO POR LA POLICÍA NACIONAL. Sistema de Monitoreo Product Link.
41;Equipada con motor Cat® C4.4 con potencia de 100HP, Peso de operación de 12,500kg, Cabina cerrada con aire acondicionado, Boom Longitud de la pluma 4,65M, Longitud del brazo de 2.5m, Capacidad del cucharón 0.53m3, GPS HOMOLOGADO POR LA POLICÍA NACIONAL. Sistema de Monitoreo Product Link.
42;Equipada con motor Cat® C4.4 con potencia de 100HP, Peso de operación de 13,200kg, Cabina cerrada con aire acondicionado, Boom Longitud de la pluma 4,65M, Longitud del brazo de 2.5m, Capacidad del cucharón 0.65m3, GPS HOMOLOGADO POR LA POLICÍA NACIONAL. Sistema de Monitoreo Product Link
43;Equipada con motor Cat® C7.1 ACERT™ con potencia de 138HP, Peso de operación de 20.390kg, Cabina cerrada con aire acondicionado, STICK, 9¨6´ R2.9M  (B1), BOOM, REACH 18¨8´ 5.7M H Capacidad del cucharón 1.56YD3/1,19m3,  Sistema de Monitoreo Product Link y sistema de GPS homologado por la Policía Nacional. 
44;"Equipada con motor Cat® C7.1 ACERT™ con potencia de 139HP, Peso de operación de 21.337kg, Cabina cerrada con aire acondicionado, STICK, R9'6"" R2.9M (B1), BOOM, REACH 5.7M 18'8"" H Capacidad del cucharón 1.83YD3/1,39m3,  Sistema de Monitoreo Product Link y sistema de GPS homologado por la Policía Nacional. "
45;"Equipada con motor Cat® C4,4  con potencia de 124HP, Peso de operación de 20.800kg, Cabina cerrada con aire acondicionado, BOOM, REACH 18'8"" 5.7M, STICK, R9'6"" 2,9M. Capacidad del cucharón 1.31YD3/1m3,  sistema de Monitoreo Product Link  y sistema de GPS homologado por la Policía Nacional."
323GX;"Equipada con motor Cat® C4,4  con potencia de 174HP, Peso de operación de 21.500kg, Cabina cerrada con aire acondicionado, Pluma de alcance, Brazo R2.9B1 (9' 6""), Capacidad del cucharón 1.2 m³,  sistema de Monitoreo Product Link  y sistema de GPS homologado por la Policía Nacional."
47;"Equipada con motor Cat® C3.6 con potencia de 104HP, Peso de operación de 14.600 kg, Cabina cerrada con aire acondicionado, pluma de alcance HD, Brazo HD R2.5 (8' 2""), cucharón GD de 0,65 m3 (0,85 yd3),  sistema de Monitoreo Product Link  y sistema de GPS homologado por la Policía Nacional."
320GX T4;"Equipada con motor Cat® C4,4  con potencia de 148 HP, Peso de operación de 20.200 kg, Cabina cerrada con aire acondicionado, BOOM, REACH 18'8"" 5.7M, brazo R2.7 (8'10""), Capacidad del cucharón 1 m³,  sistema de Monitoreo Product Link  y sistema de GPS homologado por la Policía Nacional."
320 GX;"Equipada con motor Cat® C4,4  con potencia de 145HP, Peso de operación de 19.900kg, Cabina cerrada con aire acondicionado, BOOM, REACH 18'8"" 5.7M, brazo R2.7 (8'10""), Capacidad del cucharón 1 m³,  sistema de Monitoreo Product Link  y sistema de GPS homologado por la Policía Nacional."
50;"Equipada con motor Cat® C4,4  con potencia de 145HP, Peso de operación de 20.500kg, Cabina cerrada con aire acondicionado, BOOM, REACH 18'8"" 5.7M, STICK, R9'6"" 2,9M. Capacidad del cucharón 1.31YD3/1m3,  sistema de Monitoreo Product Link  y sistema de GPS homologado por la Policía Nacional."
51;"Equipada con motor Cat® C7,1  con potencia de 158HP, Peso de operación de 22.200kg, Cabina cerrada con aire acondicionado, BOOM, REACH 18'8"" 5.7M, STICK, R9'6"" 2,9M. Capacidad del cucharón 1.83YD3/1,39m3,  sistema de Monitoreo Product Link  y sistema de GPS homologado por la Policía Nacional."
52;"Equipada con motor Cat® C7,1  con potencia de 157HP, Peso de operación de 24.500kg, Cabina cerrada con aire acondicionado, BOOM, REACH 18'8"" 5.7M, STICK, R9'6"" 2,9M. Capacidad del cucharón 1.71YD3/1,3m3,  sistema de Monitoreo Product Link  y sistema de GPS homologado por la Policía Nacional."
53;"Equipada con motor Cat® C7,1 con potencia de 158HP, Peso de operación de 22,800kg, cabina cerrada con aire acondicionado, mass excavator boom  17'1"" y  stick 7'11"",  capacidad del cucharón de 54in 1,56m3/2,04yd3, zapatas de 800mm, sistema de Monitoreo Product Link  y sistema de GPS homologado por la Policía Nacional."
54;"Equipada con motor Cat® C7 con potencia de 188HP, Peso de operación de 24,790kg, Cabina cerrada con aire acondicionado, Mas Excavador M-BOOM & M8'2"" STICK,  Capacidad del cucharón 2,17YD3/1,64m3 54in,, sistema de Monitoreo Product Link  y sistema de GPS homologado por la Policía Nacional."
55;Equipada con motor Cat® C7,1 con potencia de 212HP, peso de operación de 25 700 kg, cabina cerrada con aire acondicionado, Capacidad del cucharón de 1.54 m3/2.01 yd3m3, sistema de Monitoreo Product Link  y sistema de GPS homologado por la Policía Nacional.
56;"Equipada con motor Cat® C7,1 con potencia de 196HP, peso de op+B12eración de 26,375kg, cabina cerrada con aire acondicionado, Mass Excavator BOOM, MASS 17'5"" 5,3 M B21 y  STICK, 8'2"" 2,5M ,  Capacidad del cucharón 2,5YD3/1,9m3, sistema de Monitoreo Product Link  y sistema de GPS homologado por la Policía Nacional."
57;"Equipada con motor Cat® C7.1  con potencia de 209HP, Peso de operación de 30,115kg, Cabina cerrada con aire acondicionado, BOOM, MASS 18'5"",STICK, M8'2""DB , Cucharón de servicio pesado con capacidad de 2,81YD3/ 2,13m3, GPS HOMOLOGADO POR LA POLICÍA NACIONAL.Sistema de Monitoreo Product Link"
58;"Equipada con motor Cat® C7 con potencia de 204HP, Peso de operación de 29,240kg, Cabina cerrada con aire acondicionado, BOOM Pluma de Alcance, REACH 6.15M HD,STICK, R10'6""CB2 HD , Cucharón de servicio pesado con capacidad de 1,65m3, GPS HOMOLOGADO POR LA POLICÍA NACIONAL.Sistema de Monitoreo Product Link"
59;"Equipada con motor Cat® C7,1  con potencia de 213HP, Peso de operación de 30,305kg, Cabina cerrada con aire acondicionado, BOOM, MASS 18'5"" 5,55M , STICK, M8'2""DB 2,5M , Cucharón de servicio pesado con capacidad de 2,81YD3/ 2,13m3,sistema de Monitoreo Product Link  y sistema de GPS homologado por la Policía Nacional."
60;"Equipada con motor Cat® C7,1  con potencia de 260HP, Peso de operación de 30,900kg, Cabina cerrada con aire acondicionado, BOOM, MASS 18'5"" 5,55M , STICK, M8'2""DB 2,5M , Cucharón de servicio pesado con capacidad de 2,81YD3/ 2,13m3,sistema de Monitoreo Product Link  y sistema de GPS homologado por la Policía Nacional."
61;"Equipada con motor Cat® C7,1  con potencia de 213HP, Peso de operación de 28,400kg, Cabina cerrada con aire acondicionado, BOOM, MASS 18'2"" 5,55M , STICK, M8'2""DB 2,5M , Cucharón de servicio pesado con capacidad de1,91 m3,sistema de Monitoreo Product Link  y sistema de GPS homologado por la Policía Nacional."
336DL;Equipada con motor Cat® C9 ACERT™ con potencia de 268HP, Peso de operación de 33.750 kg, Cabina cerrada con aire acondicionado, BOOM, 6,18 mts, MASS, STICK,  (2.55m) , Cucharón de servicio pesado con capacidad de 2.4m3.Sistema de Monitoreo Product Link  y sistema de GPS homologado por la Policía Nacional.
63;"Equipada con motor Cat® C9 ACERT™ con potencia de 268HP, Peso de operación de 37.086kg, Cabina cerrada con aire acondicionado, BOOM, 20'3"" MASS, STICK, (M 2.55B) , Cucharón de servicio pesado con capacidad de 3,14YD3/ 2.38m3.Sistema de Monitoreo Product Link  y sistema de GPS homologado por la Policía Nacional."
64;"Equipada con motor Cat® C9 ACERT™ con potencia de 281HP, Peso de operación de 37.200kg, Cabina cerrada con aire acondicionado, BOOM MASS, 20'3"" MASS, STICK 8'4"", Cucharón de servicio pesado con capacidad de 3,14YD3/ 2.38m3.Sistema de Monitoreo Product Link  y sistema de GPS homologado por la Policía Nacional."
336;"Equipada con motor Cat® C9.3B con potencia de 311HP, Peso de operación de 36.200kg, Cabina cerrada con aire acondicionado, BOOM, 20'3"" MASS, STICK, (M 2.55B) , Cucharón de servicio pesado con capacidad de 3,16YD3/ 2.41m3.Sistema de Monitoreo Product Link  y sistema de GPS homologado por la Policía Nacional."
336GC;"Equipada con motor Cat® C7,1 con potencia de 260HP, Peso de operación de 35,400kg, Cabina cerrada con aire acondicionado, brazo M2.55TB (8'4""), zapatas de garra triple de 600 mm (24""), Cucharón de servicio pesado con capacidad de 2.2m3.Sistema de Monitoreo Product Link  y sistema de GPS homologado por la Policía Nacional."
67;"EXCAVADORA HIDRAULICA SOBRE ORUGAS MARCA CATERPILLAR MODELO 345GC NUEVA.
EQUIPADAS CON MOTOR DIESEL MARCA CATERPILLAR MODELO C9.3B DE 347HP A 1750RPM, BOOM DE 6,9MTS, STICK DE 2,9
CUCHARON DE 3,15 YARDAS CUBICAS, ZAPATAS DE 24"" DOBLE GARRAS, LINEAS HIDRAULICAS PARA MARTILLO, ACOPLE RAPIDO Y RIPPER.
CABINADA CON AIRE ACONDICIONADO"
68;"Equipada con motor Cat® C13 ACERT™ con potencia de 380HP, Peso de operación de 45.250kg, Cabina cerrada con aire acondicionado, Mass-Boom BOOM, 21'6"" / 9'10"" STICK , Cucharón de servicio pesado con capacidad de 4,20YD3/ 3,2m3.Sistema de Monitoreo Product Link  y sistema de GPS homologado por la Policía Nacional."
69;Equipada con motor Cat® C13 ACERT™ con potencia de 403HP, Peso de operación de 45.382kg, Cabina cerrada con aire acondicionado, MASS BOOM 6,55M,  STICK, (M 3.0) , Cucharón de servicio pesado con capacidad de 4,20YD3/ 3,2m3.Sistema de Monitoreo Product Link  y sistema de GPS homologado por la Policía Nacional.
70;Equipada con motor Cat® C4,4 ACERT™ con potencia de 139HP, Peso de operación de 15.100kg, Cabina cerrada con aire acondicionado, BOOM VT  STICK, 7FT 5in , Cucharón de  1YD3/ 0,7m3. Estabilizadores y hoja Topadora, Sistema de Monitoreo Product Link  y sistema de GPS homologado por la Policía Nacional.
71;Equipada con motor Cat® C7.1 ACERT™ con potencia neta de 169 hp, Peso de operación de 23.215-27.470 kg, Maximum Travel Speed 25 km/h, altura de cabina 5750 mm, Cabina cerrada con aire acondicionado. Estabilizadores y hoja Topadora, Sistema de Monitoreo Product Link  y sistema de GPS homologado por la Policía Nacional.
72;Equipada con motor Cat® C4,4 ACERT™ con potencia de 147HP, Peso de operación de 17.100kg, Cabina cerrada con aire acondicionado, BOOM VT  STICK, 7FT 5in , Cucharón de   0,91m3. Estabilizadores y hoja Topadora, Sistema de Monitoreo Product Link  y sistema de GPS homologado por la Policía Nacional.
73;Equipada con motor SDEC (ShangHai Diesel) SC7H150G2B con potencia nominal de 150 HP, Peso de operación de 13.380 kg, Cabina cerrada con aire acondicionado, Hoja de 12pies, Servotransmision, escarificador. GPS HOMOLOGADO POR LA POLICÍA NACIONAL. Controles operados por palancas.6 velocidades hacia adelante y 3 en reversa.
74;Equipada con motor SDEC (ShangHai Diesel) SC7H170G5E con potencia nominal de 168 HP, Peso de operación de 14.280 kg, Cabina cerrada con aire acondicionado, Hoja de 12pies, Servotransmision, escarificador. GPS HOMOLOGADO POR LA POLICÍA NACIONAL. Controles operados por palancas.6 velocidades hacia adelante y 3 en reversa.
75;Equipada con motor SDEC (ShangHai Diesel) SC7H150G2B con potencia nominal de 150 HP, Peso de operación de 13.380 kg, Cabina cerrada con aire acondicionado, Hoja de 12pies, Servotransmision, escarificador. GPS HOMOLOGADO POR LA POLICÍA NACIONAL. Controles operados por palancas.6 velocidades hacia adelante y 3 en reversa.
76;"Equipada con motor Cat® C7.1 con potencia variable de 125-156 HP, Peso de operación de 15 699
kg, Cabina cerrada con aire acondicionado, Hoja de 12pies, Servotransmision, Ripper. GPS
HOMOLOGADO POR LA POLICÍA NACIONAL. Sistema de Monitoreo Product Link, Controles operados
por palancas. 8 velocidades hacia adelante y 6 en reversa."
77;Equipada con motor Cat® C7 ACERT™ con potencia variable de 125-145HP, Peso de operación de 13.032kg, Cabina cerrada con aire acondicionado, Hoja de 12pies, Servotransmision, Ripper. GPS HOMOLOGADO POR LA POLICÍA NACIONAL.Sistema de Monitoreo Product Link
78;Equipada con motor Caterpillar  C6.6 ACERTTM VHP con potencia variable de 138-153HP, Peso de operación 14.093kg, Cabina Cerrada con aire acondicionado, Operación con Joy Sticks, Número de velocidades 8 adelante/6 en retroceso, Ancho de la hoja 14pies,  Ripper, y demás accesorios para su normal funcionamiento. GPS HOMOLOGADO POR LA POLICÍA NACIONAL.Sistema de Monitoreo Product Link
79;Equipada con motor Caterpillar  C7 ACERTTM VHP con potencia variable de 183-233HP, Peso de operación 17.573kg, Cabina Cerrada con aire acondicionado, Operación con Joy Sticks, Número de velocidades 8 adelante/6 en retroceso, Ancho de la hoja 14pies,  Ripper/Escarificador Trasero, y demás accesorios para su normal funcionamiento. GPS HOMOLOGADO POR LA POLICÍA NACIONAL.Sistema de Monitoreo Product Link
80;Equipada con motor Cat® C7.1 potencia variable de 176 hp196 hp, Peso de operación de 14 310 kg, Cabina cerrada con aire acondicionado, Hoja de 14pies, Ripper trasero, Sevotransmision de 6 marchas adelante 3 de retroceso   GPS HOMOLOGADO POR LA POLICÍA NACIONAL.Sistema de Monitoreo Product Link
81;Equipada con motor Cat® C7 ACERT™ potencia variable de 170-190HP, Peso de operación de 14.768kg, Cabina cerrada con aire acondicionado, Hoja de 14pies, Ripper trasero, Sevotransmision de 8 marchas adelante 6 de retroceso   GPS HOMOLOGADO POR LA POLICÍA NACIONAL.Sistema de Monitoreo Product Link
82;Equipado con motor Cat® 3054C de 100HP, Peso de operación de 7,000kg, Casilla cerrada con aire acondicionado, Ancho rodillo 1,800mm, Sistema de vibración de doble frecuencia y doble amplitud.
83;Equipado con motor Cat C4.4 de 99,9HP, Peso de operación de 6,873kg, Cabina cerrada  con aire acondicionado, Ancho rodillo 1,676mm.
84;Equipado con motor Cat C6.6 de 156HP, Peso de operación de 11.725kg, Cabina abierta , Ancho rodillo 2.134mm.
85;Equipado con motor Cat C4.4 de 129,4HP, Peso de operación de 10.080kg, Cabina abierta , Ancho rodillo 2.134mm.
86;Equipado con motor Cat® C4.4 de 111.3 hp, Peso de operación de 10,451 kg , Casilla cerrada con aire acondicionado antivuelco, Ancho rodillo 2.134mm, Sistema de vibración de doble frecuencia y doble amplitud.
87;Equipado con motor Cat® 3054C de 125HP, Peso de operación de 10.840kg, Casilla cerrada con aire acondicionado antivuelco, Ancho rodillo 2.134mm, Sistema de vibración de doble frecuencia y doble amplitud.
88;Kit de PAD Foot Shell kit para CS533E
89;Equipado con motor Cat® 3054C de 130HP, Peso de operación de 10840 kg, Cabina cerrada con aire acondicionado, Ancho rodillo 2,13m, , Sistema de vibración de una frecuencia y doble amplitud. .Sistema de Monitoreo Product Link
90;Equipado con motor Cat® C6,6 de 173HP, Peso de operación de 15470kg, Cabina cerrada con aire acondicionado, Ancho rodillo 2,134m, , Sistema de vibración de una frecuencia y doble amplitud. .Sistema de Monitoreo Product Link
91;Equipado con motor CAT C1.5  con potencia de 30,7HP, peso de operación 2,510kg, Ancho de cilindro 1.200mm, casilla abierta.
92;Equipado con motor CAT C1.5  con potencia de 36,2HP, peso de operación 2,553kg, Ancho de cilindro 1.000mm, casilla abierta.
93;Equipado con motor CAT C1.5  con potencia de 36,2HP, peso de operación 2,723kg, Ancho de cilindro 1.200mm, casilla abierta.
94;Equipado con motor CAT C1.5  con potencia de 36,2HP, peso de operación 2,723kg, Ancho de cilindro 1.200mm, casilla abierta.
95;Equipado con motor CAT C2.2  con potencia de 36,4HP, peso de operación 3.700kg, Ancho de cilindro 1.300mm, casilla abierta.
96;Equipado con motor Cat® C4.4 ACERT™ de 110HP, Peso de operación de 8,551kg, Casilla Abierta Ancho de tambor 1.700mm, Sistema de vibración de doble frecuencia y doble amplitud. Sistema de Monitoreo Product Link
97;Equipado con motor Cat® C4.4 ACERT™ de 129HP, Peso de operación de 9,274kg, Casilla Abierta techo para sol, Ancho de tambor 1.700mm, Sistema de Vibracion de cinco amplitudes. Sistema de Monitoreo Product Link.
98;Equipado con motor Cat® C4.4 ACERT™ de 129HP, Peso de operación de 9,274kg, Casilla Abierta techo para sol, Ancho de tambor 1.700mm, Sistema de Vibracion de cinco amplitudes. Sistema de Monitoreo Product Link.
99;"Equipado con motor CAT C4.4 de 131HP, cabina cerrada con aire acondicionado, peso vacio 10.000kg, peso maximo con lastre 27.000kg., Ancho de compactación 2.090mm, Llantas 8; 5 frontales y 4 traseras.  Sistema de Monitoreo Product Link."
100;"Equipado con motor CAT 3054C de 100HP, Casilla abierta,  Ancho 1.743mm,peso vacio 4.885kg, peso con lastre agua 8.710kg, peso maximo lastre arena humeda 12.940kg., Ancho de compactación 1.743mm, Llantas 8; 5 frontales y 4 traseras.  Sistema de Monitoreo Product Link."
101;Equipado con motor Cat® C3,3B de 68HP, Peso de operación de 6,365kg, Cabina cerrada A/C  , Transmisión  Hidrostatica,  Cucharón con capacidad de 1,1m3, Sistema de Monitoreo Product Link  y sistema de GPS homologado por la Policía Nacional.
102;Equipado con motor Cat® C3,8 de 98HP, Peso de operación de 7,130kg, Cabina cerrada A/C  , Transmisión  Hidrostatica,  Cucharón con capacidad de 1,6m3, Sistema de Monitoreo Product Link  y sistema de GPS homologado por la Policía Nacional.
103;Equipado con motor Cat® C3,8 de 98HP, Peso de operación de 8,126kg, Cabina cerrada A/C  , Transmisión  Hidrostatica,  Cucharón con capacidad de 2,35yd3/1,8m3 ancho 2388mm, Sistema de Monitoreo Product Link  y sistema de GPS homologado por la Policía Nacional.
104;Equipado con motor Cat® C4,4 de 102HP, Peso de operación de 8,126kg, Cabina cerrada A/C  , Transmisión  Hidrostatica,  Cucharón con capacidad de 2,35yd3/1,8m3 ancho 2388mm, Sistema de Monitoreo Product Link  y sistema de GPS homologado por la Policía Nacional.
105;Equipado con motor Cat® C6,6 de 149 HP, Peso de operación de 12 939 kg, Cabina cerrada A/C  , Transmisión  Hidrostatica,  Cucharón con capacidad de 2,9 yd3/2,2 m3 ancho 2388mm, altura maxima al pin del cucharon 3872 mm, Sistema de Monitoreo Product Link  y sistema de GPS homologado por la Policía Nacional. Llanta  20.5-25 12PR BS, L3
106;Equipado con motor Cat® 3056E  de 145HP, Peso de operación de 12 310 kg, Cabina abierta canopy, Transmisión  Hidrostatica,  Cucharón con capacidad de 2,9 yd3/2,2 m3, Sistema de Monitoreo Product Link  y sistema de GPS homologado por la Policía Nacional.
107;Equipado con motor Cat® C7,1 ACERT™ de 143HP, Peso de operación de 11,550kg, Cabina cerrada A/C  , Transmisión  Hidrostatica,  Cucharón con capacidad de 2,75yd3/2,1m3 ancho 2532mm , Sistema de Monitoreo Product Link  y sistema de GPS homologado por la Policía Nacional.
108;Equipado con motor Cat® C7.1 de 168 HP, Peso de operación de 14.117 kg, Cabina cerrada con aire acondicionado, Transmisión  Hidrostatica,  Cucharón con capacidad de 3,1yd3/2,35m3, GPS HOMOLOGADO POR LA POLICÍA NACIONAL.Sistema de Monitoreo Product Link
109;Equipado con motor Cat® C7,1 ACERT™ de 162HP, Peso de operación de 13,135kg, Cabina cerrada con aire acondicionado, Transmisión  Hidrostatica,  Cucharón con capacidad de 3,1yd3/2,35m3, GPS HOMOLOGADO POR LA POLICÍA NACIONAL.Sistema de Monitoreo Product Link
110;Equipado con motor Cat® C7,1 ACERT™ de 162HP, Peso de operación de 13,135kg, Cabina cerrada con aire acondicionado, Transmisión  Hidrostatica,  Cucharón con capacidad de 3,8yd3/2,88m3, GPS HOMOLOGADO POR LA POLICÍA NACIONAL.Sistema de Monitoreo Product Link
111;Equipado con motor Cat® C7,1 ACERT™ de 225HP, Peso de operación de 18,676kg, Cabina cerrada con aire acondicionado, Servotransmision de Contraeje,   Cucharón con capacidad de 4,25yd3/3,23m3 ancho de cucharon, Altura de descargue al pasador de 4,18 mts, Sistema de Monitoreo Product Link  y sistema de GPS homologado por la Policía Nacional.
112;Equipado con motor Cat® C7 ACERT™ de 216HP, Peso de operación de 18.338kg, Cabina cerrada con aire acondicionado, Transmisión 4 velocidades adelante y 4 en retroceso, Llantas 23.5R25 L5, Cucharón con capacidad de 4,25yd3/3.3m3,  Sistema de Monitoreo Product Link  y sistema de GPS homologado por la Policía Nacional.
113;Equipado con motor Cat® C11  Potencia Bruta de  286HP, Peso de operación de 23.125kg, Cabina cerrada con aire acondicionado, Servotransmision,   Cucharón Hevy duty Rock con capacidad de 5,5yd3yd3/4,18m3, llantas  26.5R25 L5, Sistema de Monitoreo Product Link  y sistema de GPS homologado por la Policía Nacional.
114;Equipado con motor Cat® C11  Potencia Bruta de  286HP, Peso de operación de 23.125kg, Cabina cerrada con aire acondicionado, Servotransmision 4 Velocidades de avance/ 4 velocidades de Retroceso,   Cucharón para compostaje con capacidad nominal de 7,26 M3, Llantas , 26.5R25  L3. Sistema de Monitoreo Product Link  y sistema de GPS homologado por la Policía Nacional.
115;Equipado con motor Cat® C11  Potencia Bruta de  286HP, Peso de operación de 23.125kg, Cabina cerrada con aire acondicionado, Servotransmision 4 adelante/ 4 atras,   Cucharón Rockero HD con capacidad de 4,5yd3/3,4m3, Sistema de Monitoreo Product Link  y sistema de GPS homologado por la Policía Nacional.
116;Equipado con motor Cat® C15  Potencia Bruta de  351HP, Peso de operación de 31,066kg, Cabina cerrada con aire acondicionado, Servotransmision 4 adelante/ 4 atras,   Cucharón con capacidad de 5,4m3, Sistema de Monitoreo Product Link  y sistema de GPS homologado por la Policía Nacional.
117;Equipado con motor Cat® C7.1 ACERT™ de 265HP, Peso de operación de 18.136kg, Cabina cerrada con aire acondicionado, Transmisión 5 velocidades adelante y 3 en retroceso,  Acople rapido Fusion Cat, Cucharón con capacidad de 4,25yd3/3.3m3,  Sistema de Monitoreo Product Link  y sistema de GPS homologado por la Policía Nacional.
118;Equipado con motor Cat® C9,3 ACERT™ de 304HP, Peso de operación de 23,220kg, Cabina cerrada con aire acondicionado, Transmisión 4 velocidades adelante y 4 en retroceso,  Acople rapido Fusion Cat, Cucharón con capacidad de 4,25yd3/3.3m3,  Sistema de Monitoreo Product Link  y sistema de GPS homologado por la Policía Nacional.
119;Equipada con motor Cat® C2,2 ACERT™ de 46HP, Peso de operación 4500kg, Capacidad de tolva 3,1m3, Profundidad máxima de extendido 200 mm, Ancho de pavimentación 1,4m-2,6m, , Sistema de rodaje sobre orugas, Regla AS3143.
120;Equipada con motor Cat® C4,4 ACERT™ de 74,4HP, Peso de operación 6300kg, Capacidad de tolva 3,8m3, , Ancho de pavimentación 1,75m-3,42m, , Sistema de rodaje sobre orugas, Regla AS3173.
121;Equipada con motor Cat® C4.4 ACERT™ de 144HP, Peso de operación 15.520kg, Capacidad de tolva 6.2m3, Profundidad máxima de extendido 305mm, Ancho de pavimentación 2.44m-4,7m, Calentamiento eléctrico de plancha, Sistema de rodaje sobre llantas, Reglón AS3251C , sensores  electrónicos de alimentación, nivelación y pendiente. Sistema de Monitoreo Product Link.
122;Equipada con motor Cat® C4,4 ACERT™ de 144HP, peso de operación 16,745 kg, capacidad de tolva 6,2m3, Profundidad máxima de extendido 305mm, Regla AS4252C Ancho de pavimentación 2,55m-5,7m,  Sistema de rodaje sobre orugas, Equipo con Sensores digitales de nivel, altura  y alimentacion. Generador de 25KW. Sistema de Monitoreo Product Link.
123;Equipada con motor Cat® C7,1 ACERT™ de 205HP, peso de operación 19,829 kg (tractor y regla), capacidad de tolva 7,1m3, Profundidad máxima de extendido 305mm, Regla SE60VT Ancho de pavimentación 2,55m-6m,  Equipo con  dos sensores sónicos de altura, dos sensores sónicos de alimentación y un sensor de peralte. Generador de 70KW. Sistema de Monitoreo Product Link.
124;Equipada con motor Cat® C4,4 ACERT™ de 144HP, peso de operación 17,099 kg (tractor y regla), capacidad de tolva 6,2m3, Profundidad máxima de extendido 305mm, Regla SE50VT (Vibratoria Ancho de pavimentación 2,55m-5m,  Sistema de rodaje sobre orugas Movil Trac (Oruga de caucho con bugies de oscilación), Equipo con  dos sensores sónicos de altura, dos sensores sónicos de alimentación y un sensor de peralte. Generador de 70KW. Sistema de Monitoreo Product Link.
125;Equipada con motor Cat® C4,4 ACERT™ de 144HP, peso de operación 16,651 kg (tractor y regla), capacidad de tolva 6,2m3, Profundidad máxima de extendido 305mm, Regla SE50VT (Vibratoria Ancho de pavimentación 2,55m-5 m,  Sistema de rodaje sobre llantas. Equipo con  dos sensores sónicos de altura, dos sensores sónicos de alimentación y un sensor de peralte. Generador de 70KW. Sistema de Monitoreo Product Link.
126;Equipada con motor Cat® C6.6 ACERT™ de 174HP, peso de operación 17,122 kg, capacidad de tolva 6,5m3, Regla AS4251C Ancho de pavimentación 2,55m-5m extensiones a 6,5m, , Sistema de rodaje sobre llantas, Equipo con Sensores digitales de nivel, altura  y alimentación. Generador de 25KW. Sistema de Monitoreo Product Link.
127;Equipada con motor Cat® C7,1ACERT™ de 249HP, Peso de operación 21,918 kg, Capacidad de tolva 8,1m3, Regla SE60VT Ancho de pavimentación 3m-10m, , Sistema de rodaje sobre orugas, Equipo con Sensores Digitales de peralte, nivel y alimentacion. Generador de 70KW.
128;Equipada con motor Cat® C3.3B de 73,8HP, Peso de operación 8730 kg, Regla SE34VT Ancho de pavimentación 1,75m-3,42m, , Sistema de rodaje sobre llantas, Equipo con Sensores Digitales de peralte, nivel y alimentacion. 
129;Equipada con motor Cat® C3.3B de 73,8HP, Peso de operación 8730 kg, Regla SE34VT Ancho de pavimentación 1,75m-3,42m, , Sistema de rodaje sobre orugas, Equipo con Sensores Digitales de peralte, nivel y alimentacion. 
130;Equipado con motor Cat® C7 ACERT™ de 228HP, Peso de operación 17.600kg, Ancho de rotor 1m, Máxima profundidad de corte de 305mm, Rotor de 97 puntas con velocidad de 118rpm@2200rpm del motor, Velocidad de operación de 27m/min, Velocidad de desplazamiento 4.1km/h, Altura de descarga 4.8m. Incluye sensor de altura Tipo yoyo.
131;Equipado con motor Cat® C18 ACERT™ de 564HP, Peso de operación 30.100kg, Ancho de rotor 2.000mm, Máxima profundidad de corte de 320mm, Rotor de 178 puntas con velocidad de 140rpm@1900rpm del motor, Velocidad de operación de 38m/min, Velocidad de desplazamiento 5.9km/h, Banda transportadora de 800mm, Altura de descarga 4.6m. Incluye sensores digitales de Peralte y Nivel Sistema de control de peralte,  pistola neumática para remover puntas con compresor, y motor para Girar tambor durante mantenimientos. Incluye Rotor de Microfresado con 8mm de separación entre puntas, juego de herramientas básica.
132;Equipado con motor Cat® C9.3  de 325HP, Peso de operación 19 343kg, Ancho de rotor 1m, Máxima profundidad de corte de 330mm. Sensores sonicos
133;Equipado con motor Cat® C9.3  de 325HP, Peso de operación 17.600kg, Ancho de rotor 1m, Máxima profundidad de corte de 330mm. Sensores sonicos
134;Equipado con motor Cat® 3046 T con potencia neta de 90HP, Peso de operación de 9.254 kg, Cabina abierta, Transmisión hidrostática, Hoja topadora VPAT de 2,19 m3 ,sistema de monitoreo Product Link y sistema de GPS homologado por la Policía Nacional. 
D3;Equipado con motor Cat® C3.6 con potencia neta de 104 hp, Peso de operación de 9.362 kg, Cabina cerrada con aire acondicionado, Transmisión hidrostática, Hoja topadora VPAT de 2,19 m3 ,sistema de monitoreo Product Link y sistema de GPS homologado por la Policía Nacional. 
136;Equipado con motor Cat® C4.4 ACERT™ con potencia neta de 96HP, Peso de operación de 9.110kg, Cabina cerrada con aire acondicionado, Transmisión hidrostática, Hoja topadora VPAT de 2,19 m3 ,sistema de monitoreo Product Link y sistema de GPS homologado por la Policía Nacional. 
137;Equipado con motor Cat® C4.4 ACERT™ con potencia neta de 96HP, Peso de operación de 9.408kg, Cabina cerrada con aire acondicionado, Transmisión hidrostática, Hoja topadora VPAT de2.34 m3, Zapata Ancha LGP
138;Equipado con motor Cat® C6.6 ACERT™ con potencia neta de 158HP, peso de operación de 13.673kg, cabina cerrada con aire acondicionado, hoja VPAT  3,35m3 de capacidad, ancho de hoja 3682mm, transmisión hidrostática, zapatas de 760mm, superficie de contacto con el suelo 4m2, presión sobre el suelo 30,7 kPa,sistema de monitoreo Product Link y sistema de GPS homologado por la Policía Nacional. 
139;Equipado con motor Cat® C7.1 ACERT™ con potencia neta de 130HP, peso de operación de 13.311kg, cabina cerrada con aire acondicionado, hoja VPAT  3,07m3 de capacidad,  transmisión hidrostática,sistema de monitoreo Product Link y sistema de GPS homologado por la Policía Nacional. 
D4;"Equipado con motor Cat® C7.1  con potencia neta de 160 hp, Peso de operación de 13.500 kg, Cabina cerrada con aire acondicionado, Hoja VPAT de 3.272mm 3,26 m3 de capacidad, Transmisión de 3
velocidades totalmente automática,  Sistema de Monitoreo Product Link y sistema de GPS homologado por la Policía Nacional. "
D5;"Equipado con motor Cat® C7.1  con potencia neta de 170 hp, Peso de operación de 17.080 kg, Cabina cerrada con aire acondicionado, Hoja 6VPAT de 3.272mm 3,5 M3 de capacidad, Transmisión de 3
velocidades totalmente automática,  Sistema de Monitoreo Product Link y sistema de GPS homologado por la Policía Nacional. "
142;Equipado con motor Cat® C6.6 ACERT™ con potencia neta de 150HP, Peso de operación de 16.668kg, Cabina cerrada con aire acondicionado, Hoja 6VPAT de 3.272mm 3,16M3 de capacidad, Transmisión de 5 velocidades adelante/atrás, Rueda motriz elevada,  Sistema de Monitoreo Product Link y sistema de GPS homologado por la Policía Nacional. 
143;Equipado con motor Cat® C9 ACERT™ con potencia neta de 225HP, Peso de operación de 19,429kg, Cabina cerrada con aire acondicionado, Hoja Topadora 6SU de 5.61m3, Transmisión de 5 velocidades adelante/atrás, Rueda motriz elevada,. GPS HOMOLOGADO POR LA POLICÍA NACIONAL. Sistema de Monitoreo Product Link.
D6 T4;Equipado con motor Cat® C9.3B con potencia neta de 251 hp, Peso de operación de 22.130 kg , Cabina cerrada con aire acondicionado, Hoja 6SU de 5,7 m3, logitud 3.312 mm, incluyte RIPPER, Transmisión de 5 velocidades adelante/atrás, Rueda motriz elevada. Sistema de Monitoreo Product Link y sistema de GPS homologado por la Policía Nacional. 
145;Equipado con motor Cat® C9 ACERT™ con potencia neta de 243HP, Peso de operación de 20.661kg, Cabina cerrada con aire acondicionado, Hoja 6SU de 5.61 m3, logitud 3.860 mm, incluyte RIPPER, Transmisión de 5 velocidades adelante/atrás, Rueda motriz elevada. Sistema de Monitoreo Product Link y sistema de GPS homologado por la Policía Nacional. 
146;Equipado con motor Cat® C9,3  de 259HP, Peso de operación de 21.955 kg,  Cabina cerrada con aire acondicionado, Servotransmision, Hoja 7A de 5,15m3,  GPS HOMOLOGADO POR LA POLICÍA NACIONAL. Sistema de Monitoreo Product Link
147;Equipado con motor Cat® C15  de 310HP, Peso de operación de 38.488kg, Cabina cerrada con aire acondicionado, Servotransmision, Hoja 8SU de 8.7m3,  GPS HOMOLOGADO POR LA POLICÍA NACIONAL. Sistema de Monitoreo Product Link. Ripper 
148;Equipado con motor Cat® C13 ACERT™ con potencia Bruta de 410HP, capacidad de carga útil Nominal de  32Ton, capacidad en la tolva 20 m3, Cabina cerrada con aire acondicionado, Llantas 750/65R25,  GPS HOMOLOGADO POR LA POLICÍA NACIONAL. Sistema de Monitoreo Product Link. Equipo con Compuerta Trasera.
149;Equipado con motor Cat® C13 ACERT™ con potencia Bruta de 375HP, capacidad de carga útil Nominal de  31Ton, capacidad en la tolva 17.5m3, Peso de operación Vacío 23,700kg, Cabina cerrada con aire acondicionado, Llantas 23.5R25,  GPS HOMOLOGADO POR LA POLICÍA NACIONAL. Sistema de Monitoreo Product Link. Equipo con Compuerta Trasera.
150;Equipada con motor Cat® C4.4 ACERT™ de 142HP, Peso de operación 16.745kg, Capacidad de tolva 6.2m3, Extendido máximo de mezcla 1.087T/h, Profundidad máxima de extendido 300mm, Ancho estándar de pavimentación 4.8m (máximo con extensiones 8.0m), Calentamiento eléctrico de plancha y extensiones, Sistema de rodaje MobilTrack con oruga de caucho, Regla AS4252C vibración Apertura de 2,55 - 8m, Controles electrónicos de alimentación, nivelación y pendiente.
151;Equipado con motor Deutz TD 2.9 L4 turbo charged diesel, Tier 4f 74 hp (55.2 kW) , Peso de operación de 7,983 kg, Cabina cerrada con Aire acondicionado,  Capacidad nominal de 2,722 kg, capacidad a maxima altura 2,268 kg, Sin estabilizadores laterales, Altura máxima de cargue 10.97 m. Sistema de GPS homologado por la Policía Nacional. 
152;Equipado con motor Cat® C4.4  con potencia de 100HP, Peso de operación de 10,380kg, Cabina cerrada con Aire acondicionado,  Capacidad nominal de 2.948kg, Estabilizadores laterales, Altura máxima de cargue 12.8m. Sistema de Monitoreo Product Link y sistema de GPS homologado por la Policía Nacional. 
153;Equipado con potencia de 142,1HP, Peso de operación de 14,460 kg, Cabina cerrada con Aire acondicionado,  Capacidad nominal de 4,536kg, Estabilizadores laterales, Altura máxima de cargue 16,8m. Sistema de Monitoreo Product Link y sistema de GPS homologado por la Policía Nacional.
154;Plataforma Tipo Tijera Equipo eléctrico, configuración estadar, altura de trabajo de 11,75m,Capacidad maxima de Carga 318kg, Peso Operativo 2364 kg
155;Plataforma Tipo Tijera Equipo electrico, configuración estadar, altura de trabajo de 7,79m,Capacidad maxima de Carga 227kg, Peso Operativo 1226kg
156;"Plataforma de elvancion personal electrico, altura de trabajo 11 m, Capacidad maxima de Carga 159 kg, Altura replegada	1,98 m, Anchura de la máquina	74 cm, Peso operativo 352 kg"
157;Plataforma Articulada Equipo electrico Pick up, configuración estadar, altura de trabajo 12,36m, Capacidad maxima de Carga 227kg, Peso Operativo 1,431kg
158;Plataforma Articulada Equipo electrico/Gas Hyrbrido remolcable Pick up, configuración estadar, altura de trabajo 17,9m, Capacidad maxima de Carga 227kg, Peso Operativo 2,025kg.  Hybrid DC/Gas Honda 5.5 hp 
159;Plataforma Articulada Equipo electrico remolcable Pick up, configuración estadar, altura de trabajo 17,9m, Capacidad maxima de Carga 227kg, Peso Operativo 2,025kg.  
160;Plataforma personal Equipo electrico,  configuración estadar, altura de trabajo 9.9 m, Capacidad maxima de Carga 200kg, Peso Operativo 2.650 kg
161;Plataforma Articulada Equipo electrico, Jib boom,  configuración estadar, altura de trabajo 14,32 m, Capacidad maxima de Carga 227kg, Peso Operativo 6.908 kg
162;Plataforma Articulada Equipo electrico, Jib boom,  configuración estadar, altura de trabajo 15,94m, Capacidad maxima de Carga 227kg, Peso Operativo 5,942kg
163;Plataforma Articulada Equipo Diesel Perkins configuración estadar, jib boom,  altura de trabajo 15,94m, Capacidad maxima de Carga 227kg, Peso Operativo 5,942kg
164;Plataforma Articulada Equipo Diesel Perkins configuración estadar,Jib boom,altura de trabajo 20,87 m, Capacidad maxima de Carga 227kg, Peso Operativo  10,480KG
165;Plataforma Articulada Equipo Diesel Perkins configuración estadar,Jib boom,altura de trabajo 25,77 m, Capacidad maxima de Carga 227kg, alcance horizontal de 18.29 m
166;Equipado con motor Kubota KUB V2403 (T3)  con potencia de 49HP, capacidad de 185cfm, presión de 100psi, peso de operación de 876kg, accesorios para su normal funcionamiento.
167;Equipado con motor Cat® C3.4 ACERTTM con potencia de 83HP, capacidad de 260cfm, presión de 100psi, peso de operación de 1.252kg, accesorios para su normal funcionamiento.
168;Equipado con motor Cat® C4.4 ACERTTM con potencia de 117HP, capacidad de 375cfm, presión de 100psi, peso de operación de 2.005kg, accesorios para su normal funcionamiento.
169;Equipado con motor Cat® 3054C  con potencia de 129HP, capacidad (caudal) de 375cfm, presión de 150psi, peso de operación de 2.014kg, y demas accesorios para su normal funcionamiento.
170;Equipado con motor Cat® C4.4 ACERTTM con potencia de 130HP, capacidad de 425cfm, presión de Operación entre 80-125psi, peso de operación de 2,014kg,y  accesorios para su normal funcionamiento.
171;Compresor móvil equipado con motor Caterpillar CAT C7 Tier III con potencia de 250 Hp a 2200 rpm, capacidad de 750 cfm a una presión 80psi a  150 PSI, peso de operación 3300 kg y sistema de tornillo rotativo
172;Equipada con motor CATERPILLAR C2,2 de 49,5HP, con capacidad de bombeo de 23m3/hora, tamaño máximo de agregado 1 pulgada, máxima distancia de bombeo vertical 60m, máxima distancia de bombeo horizontal 244m. 
173;Olla mezcladora marca Schwing con capacidad nominal de 8 m3, volumen línea de agua de 9.020 litros, volumen geométrico total de 14.370 litros, porcentaje de llenado de 55,7%, inclinación del tambor de 12°, rotación del tambor de 0-14 RPM, capacidad del tanque de agua presurizado de 650 litros, diámetro de los rodillos de apoyo del tambor de 260 mm, medidor volumétrico de agua de 500 litros, diámetro del tambor del mezclador de 2.300 mm, protección de las espirales internas T 1,4 x 30, reductor hidrostático de transmisión ZF, bomba hidráulica de accionamiento y motor hidráulico estándar marca Eaton, ancho de 2.400 mm, altura 2.600 mm, largo de 6.400 mm, peso del equipo del camión de 3.980 Kg.
174;Equipada con motor CATERPILLAR C4.4 de 80HP, con capacidad de bombeo de 35m3/hora, tamaño máximo de agregado 1½ pulgada, máxima distancia de bombeo vertical 100m, máxima distancia de bombeo horizontal 354m.  Incluye Caja de Herramientas, Y control remoto alambrico.
175;Equipada con motor ELCTRICO de 75HP a 440V , con capacidad de bombeo de 35m3/hora, tamaño máximo de agregado 1½ pulgada, máxima distancia de bombeo vertical 100m, máxima distancia de bombeo horizontal 354m.  Incluye Caja de Herramientas, Y control remoto alambrico.
176;Equipada con motor CATERPILLAR C4.4 de 81HP, con capacidad de bombeo de 38m3/hora, tamaño máximo de agregado 1½ pulgada, máxima distancia de bombeo vertical 100m, máxima distancia de bombeo horizontal 354m.  Incluye Caja de Herramientas, Y control remoto alambrico.
177;Equipada con motor CATERPILLAR C4.4 de 100HP, con capacidad de bombeo de 54m3/hora, tamaño máximo de agregado 1½ pulgada, máxima distancia de bombeo vertical 100m, máxima distancia de bombeo horizontal 354m. Incluye Caja de Herramientas, Y control remoto alambrico.
178;Equipada con motor CATERPILLAR C4.4 de 139HP, con capacidad de bombeo de 54m3/hora, tamaño máximo de agregado 1½ pulgada, máxima distancia de bombeo vertical 100m, máxima distancia de bombeo horizontal 354m. Incluye Caja de Herramientas, Y control remoto alambrico.
179;Equipada con motor CATERPILLAR C6.6 de 174HP, con capacidad de bombeo de 118M3/hora Lado Bastago 91m3/h Piston., tamaño máximo de agregado 2½ pulgada, máxima distancia de bombeo vertical 122m, máxima distancia de bombeo horizontal 457m. Incluye Caja de Herramientas, Y control remoto alambrico.
180;Bomba de concreto para ser montada sobre camión mínimo de capacidad de 8ton, Base entre ejes de 3900mm, y tracción 4X2,  motor Cummins B4.5 de 80HP, Capacidad de tanque de combustible 80Lt, Rack de tendido de tubería, plataforma anti deslizamiento, tanque de agua de 600Lt de capacidad, presión de trabajo de 5bar, sistema hidráulico abierto, tolva de alimentación de concreto de 310lt con agitador estándar, con capacidad de bombeo de 35m3/hora, presión máxima de trabajo de 76bar y válvula de descarga tipo Rock, tamaño máximo de agregado 1½ pulgada. (Precio Incluye instalación en talleres de GECOLSA camión suministrado por el cliente).
181;Bomba de concreto para ser montada sobre camión mínimo de capacidad de 13ton, Base entre ejes de 4800mm, y tracción 4X2,  motor Cummins B4.5 de 100HP, Capacidad de tanque de combustible 140Lt, Rack de tendido de tubería, plataforma anti deslizamiento, tanque de agua de 700Lt de capacidad, presión de trabajo de 5bar, sistema hidráulico abierto, tolva de alimentación de concreto de 310lt con agitador estándar, con capacidad de bombeo de 54m3/hora, presión máxima de trabajo de 76bar y válvula de descarga tipo Rock, tamaño máximo de agregado 1½ pulgada. (Precio Incluye instalación en talleres de GECOLSA camión suministrado por el cliente).
182;Bomba de concreto para ser montada sobre camión, sistema hidráulico abierto, tolva de alimentación de concreto, con capacidad de bombeo de 136m3/hora, presión máxima de trabajo de 70bar y válvula de descarga tipo Rock, tamaño máximo de agregado 2½ pulgada. Diámetro de tubería de 5in, alcance vertical 35,2 m, alcance horizontal 31,2m. (Precio Incluye instalación en talleres de GECOLSA camión suministrado por el cliente).
183;Bomba de concreto para ser montada sobre camión, sistema hidráulico abierto, tolva de alimentación de concreto, con capacidad de bombeo de 161m3/hora, presión máxima de trabajo de 65bar y válvula de descarga tipo Rock, tamaño máximo de agregado 2½ pulgada. Diámetro de tubería de 5in, alcance vertical 32 m, alcance horizontal 28m. (Precio Incluye instalación en talleres de GECOLSA camión suministrado por el cliente).
184;"PLANTA MOVIL TIPO NW96200HPS
Compuesta de trituradora de mandibula C96, un alimentador vibratorio MV35080 una trituradora  de cono HP200, una criba vibratoria tipo ES 6´X14´TD, una canaleta vibratoria VT1707, una cinta transportadora/elevadora y otros equipos auxiliares, todos en conjunto sobre un chasis. 
"
185;Trituradora METSO modelo LT106, con motor Cat® C9 de 300HP, Primaria de Mandíbula sobre orugas. Trituradora C106 , Dimensiones del alimentador 1060mm por 700 mm.
186;Trituradora METSO modelo LT200HP, con motor Cat® C13 de 415HP, Secundaria  de Cono sobre orugas. Trituradora HP200 , Dimensiones del alimentador 210mm.
187;Autormigonera Autogargable Motor Diesel Perkins de 39,4HP, Transmision hidrostatica, Cabina Abierta con asiento de conduccion reversible, Capacidad del tambor de 1400LT, Concreto Mezclado de 1m3, Canaletra Extra, Llanta de repuesto y demas Accesorios para su normal Funcionamiento.
188;Autormigonera Autocargable Motor Diésel Perkins de 85HP, Transmisión hidrostática, frenos de disco bañados en Aceite dentro del diferencial, Cuatro ruedas motrices y direccionables,  Cabina Abierta con asiento de conducción reversible, Capacidad del tambor de 3450LT, Concreto Mezclado de 2,5m3, Canaleta Extra, Llanta de repuesto y demás Accesorios para su normal Funcionamiento.
189;Autormigonera Autocargable Motor Diésel Perkins de 84HP, Transmisión hidrostática, frenos de disco bañados en Aceite dentro del diferencial, Cuatro ruedas motrices y direccionables,  Cabina Abierta con asiento de conducción reversible, con asiento de conducción reversible, Capacidad del tambor de 3450LT, Concreto Mezclado de 2,5m3, Canaleta Extra, Llanta de repuesto, Sistema de pesaje Load cell  y demás Accesorios para su normal Funcionamiento.
190;Autormigonera Autocargable Motor Diésel Perkins de 111HP, Transmisión hidrostática, frenos de disco bañados en Aceite dentro del diferencial, Cuatro ruedas motrices y direccionables,  Cabina Abierta con asiento de conducción reversible, con asiento de conducción reversible, Capacidad del tambor de 4850LT, Concreto Mezclado de 3,5m3, Canaleta Extra, Llanta de repuesto, Sistema de pesaje Load cell  y demás Accesorios para su normal Funcionamiento.
191;Equipada con motor Kubota con potencia de 13.6HP, generador de 6kW@60Hz, torre galvanizada de 30ft, luminarias metal halide 4x1000W, peso de operación de 798kg, accesorios para su normal funcionamiento.
192;Equipada con Kohler potencia de 11,4HP, generador , torre  de 9mt, luminarias   4x1000W, peso de operación de 767kg, accesorios para su normal funcionamiento.
193;"Equipo móvil sobre orugas para Trituración primaria o secundaria, tipo Lokotrack, marca METSO, modelo  LT1110, consistente en una trituradora de impacto modelo NP1110, de 40"" x 32"", con tolva de alimentación de 5 M3. Alimentador vibratorio escalonado en dos niveles TK9-42-2V (36”X14’), Barras tipo grizzly  en dos secciones, con espaciado de  52 mm (2”),Extensiones de tolva abatibles hidráulicamente. 1 Chute de despolve  o  “By-pass” de los finos de la mina debajo de grizzly, con puerta mezcladora para desviar el material a la banda principal y la banda de despolve.  Banda frontal de descarga principal H10-10  (1000 mm X 10 m ). Trituradora accionada  con un  motor diesel Caterpillar C9 de 242 KW (325 HP)@ 1900 RPM. - Con Control remoto de 458,675 MHz, que permite el accionamiento del equipo a distancia. - Separador magnético sobre la banda de descarga. Peso transporte :32 ton."
194;"Equipo móvil sobre orugas para trituración secundaria, tipo Lokotrack,  marca METSO modelo LT300HP, consistente en una Trituradora de cono secundaria/terciaria, modelo HP300 SX, de 42"" de diámetro interno de la tolva de alimentación. Tolva de alimentación de 7 m3. Banda de alimentación H12-6 de 1200 mmX6000 mm, con velocidad variable que se controla automáticamente. Banda frontal de descarga principal H12-9 de 900 mm X 12000 mm, con accionamiento hidráulico. Trituradora  accionada con un motor diesel Caterpillar C-15 de 403 KW (540HP). - Con control remoto 458,675 MHz, para permitir la operación remota. Peso transporte: 43 ton."
195;Equipo móvil de cribado tipo Lokotrack , modelo ST3,8 de dos niveles, equipado con criba de  5.480 mm X 1.524 mm (7,9 m2 de área de cribado en el piso superior), Tolva de alimentación de 7,5 m3, Accionador de velocidad variable, Barras grizzly de la tolva de alimentación hidráulica. Control remoto para limpieza de la tolva de alimentación y para el movimiento del equipo en la planta. Accionamiento por motor Caterpillar  C4.4 de 106 kw (141 hp). Peso para transporte: 28 ton.
196;"Trituradora METSO modelo LT96, con motor Cat® C6.6 de 225HP, Primaria de Mandíbula sobre orugas. Ancho de  alimentación 3.200mm, Dimensiones del alimentador 930mm por 580mm (37""x23""), Capacidad 350T/h."
197;"Trituradora METSO modelo LT200HP, con motor Cat® C13 de 415HP, Secundaria de Cono sobre orugas. Tamaño material de entrada 210mm (81/4""), Capacidad 250T/h."
198;"Trituradora METSO modelo LT1110, con motor Cat® C9 de 333HP, Primaria/Secundaria de Impacto sobre orugas. Dimensiones del alimentador 1.040mm por 800mm (41""x31""), Capacidad 300T/h."
199;"Criba METSO modelo ST3.5, con motor Cat® C4.4 de 100HP, Capacidad del alimentador 5.5m3 sobre orugas, Dimensiones de cribado 3.580mm por 1.524mm (11´9""x5´)"
200;"Montacargas electrico contrabalanceado con capacidad de levantamiento de 3 toneladas, baterias de
80V 775A, altura máxima de 186.0""/ 4.72 m, horquillas 1.2 Hook Type - Pallet, mastil triplex, con
sistema sideshifter de 1000 mm, sistema de 4 válvulas, Display premium LCD/LED, Solid Pneumatic
Tire."
201;"Montacargas contrabalanceado de combustible Diésel con capacidad de levantamiento de 3 toneladas,
altura máxima de 186.0""/ 4.72 m, horquillas 1.8"" X 4.9"" X 48"" Hook Type - Pallet, transmisión Single Speed Powershift Transmission, con sistema sideshifter de 39.5"", sistema de 4 válvulas, Display premium LCD/LED,"
202;MONTACARGAS CONTRABALANCIADO DE COMUSTION DUAL SOBRE LLANTAS MARCA CATERPILLAR MODELO GP35NM NUEVO , CUATRO VALVULAS, CAPACIDAD DE LEVANTE A NIVEL DE PISO 3500 KL, ALTURA MAXIMA DEL MASTIL DE 4,7 MTS Y HORQUILLAS DE 1,2 MTS
203;MONTACARGAS CONTRABALANCIADO DE COMUSTION DUAL SOBRE LLANTAS MARCA CATERPILLAR MODELO GP40NM NUEVO , CUATRO VALVULAS, CAPACIDAD DE LEVANTE A NIVEL DE PISO 4500 KL, ALTURA MAXIMA DEL MASTIL DE 4,7 MTS Y HORQUILLAS DE 1,2 MTS
204;MONTACARGAS CONTRABALANCIADO DE COMUSTION DUAL SOBRE LLANTAS MARCA CATERPILLAR MODELO GP30NM5 NUEVO, CUATRO VALVULAS, CAPACIDAD DE LEVANTE A NIVEL DE PISO 3000 KL, ALTURA MAXIMA DEL MASTIL DE 4,7 MTS Y HORQUILLAS DE 1,2 MTS
205;"Montacargas contrabalanceado Dual con capacidad de levantamiento de 3 toneladas a nivel de piso,
altura máxima de 186.0""/ 4.72 m, horquillas 1.2 mts, operador sentado, sistema de 4
válvulas,Llantas neumaticas "
206;"Montacargas contrabalanceado Dual (Gas/Gasolina) con capacidad de levantamiento de 2.5 toneladas a nivel de piso, altura máxima de 186.0""""/ 4.72 m, horquillas 1.2 mts, operador sentado, sistema de 4
válvulas, Llantas neumaticas, radio de giro de 2.325 mm. "
207;MONTACARGAS CONTRABALANCIADO DE COMUSTION DUAL GAS/GASOLINA SOBRE LLANTAS MARCA CATERPILLAR MODELO GP50N1 NUEVO, CUATRO VALVULAS, CAPACIDAD DE LEVANTE A NIVEL DE PISO 5000 KL, ALTURA MAXIMA DEL MASTIL DE 4,7 MTS Y HORQUILLAS DE 1,8 MTS
208;MONTACARGAS CONTRABALANCIADO DE COMUSTION DIESEL SOBRE LLANTAS MARCA CATERPILLAR MODELO DP135 , CAPACIDAD DE LEVANTE A NIVEL DE PISO 13500 KG, PESO OPERATIVO DE 17.560 KG, TRANSMISION POWERSHIFT DE 3 VELOCIDADES ALTURA MAXIMA DEL MASTIL DE 6 MTS Y HORQUILLAS DE 1,8 MTS, CABINA ABIERTA
209;MONTACARGAS CONTRABALANCIADO DE COMUSTION DIESEL SOBRE LLANTAS MARCA CATERPILLAR MODELO DP150 NUEVO, CAPACIDAD DE LEVANTE A NIVEL DE PISO 15000 KG, PESO OPERATIVO DE 18.060 KG, TRANSMISION POWERSHIFT DE 3 VELOCIDADES ALTURA MAXIMA DEL MASTIL DE 4,7 MTS Y HORQUILLAS DE 1,8 MTS, CABINA PREMIUM CON AIRE ACONDICIONADO, 4 VALVULAS. 
210;MONTACARGAS CONTRABALANCIADO DE COMUSTION DIESEL SOBRE LLANTAS MARCA CATERPILLAR MODELO DP50 NUEVO, CAPACIDAD DE LEVANTE A NIVEL DE PISO 5000 KG, ALTURA MAXIMA DEL MASTIL DE 4,7 MTS Y HORQUILLAS DE 1,8 MTS
211;"Montacargas Caterpillar contrabalanceado Dual con capacidad de levantamiento de 2.5 toneladas a nivel de piso, altura máxima de 186.0""/ 4.72 m, horquillas 1.2 mts, operador sentado, sistema de 4 válvulas,Llantas neumaticas "
212;Montacargas electrico Caterpillar pantografo de doble profundidad con capacidad de levantamiento de 1,8 toneladas, altura maxima de cargue de 8,4 m, Baterias de  36V
213;Estibador electrico Caterpillar con capacidad de levantamiento de 2 toneladas, peso operacional de 634 kg, Baterias de  24V
214;Equipado con motor Cummins 6LTAA9.3 de 162 Kw, Peso de operación de 17,084 Kg, Cabina cerrada con aire acondicionado, Servotransmision de Contra ejes / Powershift,  Cucharón de 3,1 m3, Altura de descargue al pasador de 4,16 mts, Frenos de disco Y mordaza con control aire-aceite. Sistema de Monitoreo Product Link  y sistema de GPS homologado por la Policía Nacional.
215;Equipado con motor WEICHAI, Peso de operación de 17,084 Kg, Cabina cerrada con aire acondicionado, Servotransmision de Contra ejes / Powershift,  Cucharón de 3,1 m3, Altura de descargue al pasador de 4,16 mts, Sistema de Monitoreo Product Link  y sistema de GPS homologado por la Policía Nacional. Sistema de frenos humedos. 
216;Equipado con motor Cummins 6LTAA9.3 de 162 Kw, Peso de operación de 17,084 Kg, Cabina cerrada con aire acondicionado, Servotransmision de Contra ejes / Powershift,  Cucharón de 4,5 m3, Altura de descargue al pasador de 4,16 mts, Sistema de Monitoreo Product Link  y sistema de GPS homologado por la Policía Nacional.
217;Equipado con motor Weichai WP10HG de 228 hp, Peso de operación de 16.900 Kg, Cabina cerrada con aire acondicionado, Servotransmision de Contra ejes / Powershift,  Cucharón con capacidad de 3,1 m3, Altura de descargue al pasador de 4,19 mts, Sistema de Monitoreo Product Link  y sistema de GPS homologado por la Policía Nacional.
218;Equipado con motor Weichai WD10G de 217 hp, Peso de operación de 17,570 Kg, Cabina cerrada con aire acondicionado, Servotransmision de Contra ejes / Powershift,  Cucharón con capacidad de 3,1 m3, Altura de descargue al pasador de 4,19 mts, Sistema de Monitoreo Product Link  y sistema de GPS homologado por la Policía Nacional.
219;Equipado con motor Cummins 6BT5.9  de 130 hp, Peso de operación de 10.047 Kg, Cabina cerrada con aire acondicionado, Servotransmision de Contra ejes / Powershift,  Cucharón con capacidad de 1,7 m3, Altura de descargue al pasador de 3.9 mts, Sistema de Monitoreo Product Link  y sistema de GPS homologado por la Policía Nacional.
220;Equipada con motor SDEC con potencia  162kW/217hp, Peso de operación 17.760kg, Cabina Cerrada con aire acondicionado, Operación con palancas, Número de velocidades 6 adelante/3 en retroceso, Ancho de la hoja 14pies,  Ripper, y demás accesorios para su normal funcionamiento. GPS HOMOLOGADO POR LA POLICÍA NACIONAL.Sistema de Monitoreo Product Link
221;Equipado con motor Weichai de 84 hp, Peso de operación de 5.938 kg, Cabina cerrada con aire acondicionado, Servotransmision de Contra ejes,  Cucharón con capacidad de 1 m3, Altura de descargue al pasador de 3.48 mts, sistema de GPS homologado por la Policía Nacional, radio de giro 4.905 mm.
222;Elevadores de personas marca Genie, Altura de trabajo 11 mt, Altura de la plataforma 9 mt, Capacidad de carga 159 kg, capacidad en canasta para 1 persona, 12V, peso de 393 kg
223;Elevadores de personas marca Genie, Altura de trabajo 14,29 mt, Altura de la plataforma 12,29 mt, Capacidad de carga 136 kg, capacidad en canasta para 1 persona, 12V, peso de 513 kg
224;EQUIPO DE TRITURACIÓN marca SRH, con unidad de trituración secundaria/terciaria de cono SCH2000 incluye mantos, peso de operación de 13.500 kilogramos. La configuración del cono incluye: motor de 132 KW.
225;Estibador electrico marca Caterpillar con operador a bordo, capacidad de levantamiento de 2 toneladas, peso operacional de 1,079 kg, Baterias de  24V, Dimensiones de las llantas, lado de tracción ø250 (mm), Dimensiones de las llantas, lado de carga ø85 mm, altura 1,173 mm, Altura de elevación 135 mm.
226; Montacargas recoge-pedidos eléctrico marca CAT modelo NOR15, altura maxima de 9,3 mts, capacidad a nivel de suelo de 1.5 toneladas, 24V, horquillas 42 pulgadas 
227;Bomba de concreto para ser montada sobre camión, sistema hidráulico abierto, tolva de alimentación de concreto, con capacidad de bombeo de 160 m3/hora, presión máxima de trabajo de 53bar, diámetro de tubería de 125mm, alcance vertical 35,6 m, alcance horizontal 31,2m, 4 secciones. (Precio Incluye instalación en talleres de GECOLSA camión suministrado por el cliente).
265;Equipo de cadenas compacto, con motor Cat® C2.8TA(Turboalimentado) con potencia de 74 HP, Peso de operación de 3,659kg, Cabina cerrada Rops con asiento ajustable, Altura de descargue al pasador 3.35m, Capacidad de carga nominal 1829kg, Sistema de Monitoreo Product Link y sistema de GPS homologado por la Policía Nacional. 
cv117;"Accesorio para minicargador Caterpillar rodillo compactador, Peso de la unidad kg 936, ancho de compactación 1676 mm, ancho total 
1854 mm, diametro del rodillo 634 mm, flujo hidráulico requerido 42-86 L/min "
